1,132.119
2,-11.401
3,1.031028729
1,142.319
2,-11.401
3,3.574377594
1,132.719
2,-12.001
3,20.49096669
1,133.319
2,-12.001
3,45.43280492
1,133.919
2,-12.001
3,30.97488364
1,142.319
2,-12.001
3,13.3099301
1,142.919
2,-12.001
3,23.99473151
1,131.519
2,-12.601
3,21.73246965
1,132.119
2,-12.601
3,37.03863412
1,132.719
2,-12.601
3,42.64468796
1,133.319
2,-12.601
3,12.05974211
1,133.919
2,-12.601
3,9.831368237
1,134.519
2,-12.601
3,63.91129747
1,135.119
2,-12.601
3,63.9820773
1,136.319
2,-12.601
3,17.68948085
1,142.319
2,-12.601
3,17.94065249
1,142.919
2,-12.601
3,25.70120664
1,130.319
2,-13.201
3,12.75285994
1,130.919
2,-13.201
3,19.43175399
1,131.519
2,-13.201
3,24.4312584
1,132.119
2,-13.201
3,24.01797262
1,132.719
2,-13.201
3,64.81032165
1,133.319
2,-13.201
3,35.20126202
1,133.919
2,-13.201
3,32.94001825
1,134.519
2,-13.201
3,72.39650194
1,135.119
2,-13.201
3,73.87595561
1,141.719
2,-13.201
3,16.06485782
1,142.319
2,-13.201
3,24.98750221
1,142.919
2,-13.201
3,37.12418972
1,130.319
2,-13.801
3,47.64530476
1,130.919
2,-13.801
3,49.10216543
1,131.519
2,-13.801
3,25.58658253
1,132.119
2,-13.801
3,10.11595335
1,132.719
2,-13.801
3,29.10614594
1,133.319
2,-13.801
3,20.43102782
1,133.919
2,-13.801
3,72.02297072
1,134.519
2,-13.801
3,100
1,135.119
2,-13.801
3,100
1,141.719
2,-13.801
3,21.62325207
1,142.319
2,-13.801
3,54.16137809
1,142.919
2,-13.801
3,93.99483701
1,143.519
2,-13.801
3,100
1,126.119
2,-14.401
3,15.23826311
1,126.719
2,-14.401
3,71.6657748
1,127.319
2,-14.401
3,33.96616559
1,129.719
2,-14.401
3,34.98886301
1,130.319
2,-14.401
3,16.42779085
1,130.919
2,-14.401
3,42.34217526
1,131.519
2,-14.401
3,35.4669901
1,132.119
2,-14.401
3,59.48855026
1,132.719
2,-14.401
3,41.43647713
1,133.319
2,-14.401
3,37.45777256
1,133.919
2,-14.401
3,100
1,134.519
2,-14.401
3,100
1,135.119
2,-14.401
3,100
1,141.719
2,-14.401
3,17.16059602
1,142.319
2,-14.401
3,32.41412618
1,142.919
2,-14.401
3,56.63522635
1,143.519
2,-14.401
3,92.25510222
1,125.519
2,-15.001
3,39.11280381
1,126.119
2,-15.001
3,16.38913529
1,126.719
2,-15.001
3,3.637219479
1,127.319
2,-15.001
3,28.38119325
1,127.919
2,-15.001
3,22.2083998
1,128.519
2,-15.001
3,94.43854484
1,129.119
2,-15.001
3,53.96200271
1,129.719
2,-15.001
3,47.5540191
1,130.319
2,-15.001
3,17.83698233
1,130.919
2,-15.001
3,100
1,131.519
2,-15.001
3,59.01003903
1,132.119
2,-15.001
3,42.78769184
1,132.719
2,-15.001
3,44.34859222
1,133.319
2,-15.001
3,98.15749113
1,133.919
2,-15.001
3,100
1,134.519
2,-15.001
3,100
1,135.119
2,-15.001
3,100
1,141.719
2,-15.001
3,11.80599088
1,142.319
2,-15.001
3,23.03102131
1,142.919
2,-15.001
3,33.96120947
1,143.519
2,-15.001
3,100
1,144.119
2,-15.001
3,57.94933536
1,144.719
2,-15.001
3,46.18549038
1,145.319
2,-15.001
3,5.865465276
1,124.919
2,-15.601
3,25.31054664
1,125.519
2,-15.601
3,8.362172664
1,126.119
2,-15.601
3,12.50180409
1,126.719
2,-15.601
3,31.3709373
1,127.319
2,-15.601
3,60.62995114
1,128.519
2,-15.601
3,100
1,129.119
2,-15.601
3,100
1,129.719
2,-15.601
3,22.34333484
1,130.319
2,-15.601
3,100
1,130.919
2,-15.601
3,100
1,131.519
2,-15.601
3,98.1575604
1,132.119
2,-15.601
3,65.77466767
1,132.719
2,-15.601
3,66.09903271
1,133.319
2,-15.601
3,68.46152493
1,133.919
2,-15.601
3,78.70957118
1,134.519
2,-15.601
3,100
1,135.119
2,-15.601
3,100
1,135.719
2,-15.601
3,100
1,141.719
2,-15.601
3,16.04582065
1,142.319
2,-15.601
3,29.09643239
1,142.919
2,-15.601
3,50.0696742
1,143.519
2,-15.601
3,27.64141768
1,144.119
2,-15.601
3,85.88062327
1,144.719
2,-15.601
3,38.54058586
1,124.919
2,-16.201
3,41.17561184
1,125.519
2,-16.201
3,16.49333545
1,126.119
2,-16.201
3,7.402120248
1,126.719
2,-16.201
3,17.40320822
1,127.319
2,-16.201
3,15.10913085
1,127.919
2,-16.201
3,17.32432147
1,128.519
2,-16.201
3,16.03169953
1,129.119
2,-16.201
3,100
1,129.719
2,-16.201
3,100
1,130.319
2,-16.201
3,100
1,130.919
2,-16.201
3,100
1,131.519
2,-16.201
3,100
1,132.119
2,-16.201
3,65.76814358
1,132.719
2,-16.201
3,61.17094647
1,133.319
2,-16.201
3,74.3543779
1,133.919
2,-16.201
3,60.63190942
1,134.519
2,-16.201
3,89.2837873
1,135.119
2,-16.201
3,93.98028118
1,135.719
2,-16.201
3,100
1,136.319
2,-16.201
3,100
1,136.919
2,-16.201
3,56.12713103
1,137.519
2,-16.201
3,31.21897076
1,141.719
2,-16.201
3,22.75693786
1,142.319
2,-16.201
3,35.69249463
1,142.919
2,-16.201
3,58.25849872
1,143.519
2,-16.201
3,61.17031871
1,144.119
2,-16.201
3,14.76343783
1,144.719
2,-16.201
3,12.23052483
1,145.319
2,-16.201
3,20.31222858
1,124.319
2,-16.801
3,100
1,124.919
2,-16.801
3,100
1,125.519
2,-16.801
3,59.21872927
1,126.119
2,-16.801
3,23.11642057
1,126.719
2,-16.801
3,25.64775026
1,127.319
2,-16.801
3,33.7011043
1,127.919
2,-16.801
3,44.52755107
1,128.519
2,-16.801
3,100
1,129.119
2,-16.801
3,100
1,129.719
2,-16.801
3,100
1,130.319
2,-16.801
3,100
1,130.919
2,-16.801
3,100
1,131.519
2,-16.801
3,94.33569758
1,132.119
2,-16.801
3,84.589503
1,132.719
2,-16.801
3,58.25125513
1,133.319
2,-16.801
3,66.99373262
1,133.919
2,-16.801
3,79.08428135
1,134.519
2,-16.801
3,67.24476411
1,135.119
2,-16.801
3,100
1,135.719
2,-16.801
3,100
1,136.319
2,-16.801
3,100
1,136.919
2,-16.801
3,49.07137143
1,137.519
2,-16.801
3,24.60765245
1,138.119
2,-16.801
3,17.17970922
1,141.719
2,-16.801
3,33.84360177
1,142.319
2,-16.801
3,41.44925951
1,142.919
2,-16.801
3,54.15549293
1,143.519
2,-16.801
3,53.60462066
1,144.119
2,-16.801
3,33.95963176
1,144.719
2,-16.801
3,100
1,145.319
2,-16.801
3,7.999937964
1,122.519
2,-17.401
3,100
1,123.119
2,-17.401
3,100
1,123.719
2,-17.401
3,100
1,124.319
2,-17.401
3,100
1,124.919
2,-17.401
3,100
1,125.519
2,-17.401
3,100
1,126.119
2,-17.401
3,100
1,126.719
2,-17.401
3,21.98030426
1,127.319
2,-17.401
3,20.80754112
1,127.919
2,-17.401
3,59.63807387
1,128.519
2,-17.401
3,100
1,129.119
2,-17.401
3,100
1,129.719
2,-17.401
3,100
1,130.319
2,-17.401
3,98.73211404
1,130.919
2,-17.401
3,100
1,131.519
2,-17.401
3,100
1,132.119
2,-17.401
3,100
1,132.719
2,-17.401
3,100
1,133.319
2,-17.401
3,100
1,133.919
2,-17.401
3,87.45973673
1,134.519
2,-17.401
3,87.39086451
1,135.119
2,-17.401
3,69.77449751
1,135.719
2,-17.401
3,60.37686051
1,136.319
2,-17.401
3,47.73924676
1,136.919
2,-17.401
3,35.48988959
1,137.519
2,-17.401
3,26.97752127
1,138.119
2,-17.401
3,28.69862131
1,138.719
2,-17.401
3,15.1060852
1,139.319
2,-17.401
3,9.311147627
1,141.119
2,-17.401
3,51.69195636
1,141.719
2,-17.401
3,47.72378462
1,142.319
2,-17.401
3,43.45576207
1,142.919
2,-17.401
3,43.45286521
1,143.519
2,-17.401
3,44.18706224
1,144.119
2,-17.401
3,16.99002638
1,144.719
2,-17.401
3,12.56001095
1,145.319
2,-17.401
3,0
1,145.919
2,-17.401
3,14.03580347
1,122.519
2,-18.001
3,100
1,123.119
2,-18.001
3,100
1,123.719
2,-18.001
3,100
1,124.319
2,-18.001
3,100
1,124.919
2,-18.001
3,100
1,125.519
2,-18.001
3,100
1,126.119
2,-18.001
3,100
1,126.719
2,-18.001
3,100
1,127.319
2,-18.001
3,100
1,127.919
2,-18.001
3,82.43423823
1,128.519
2,-18.001
3,98.36588529
1,129.119
2,-18.001
3,100
1,129.719
2,-18.001
3,100
1,130.319
2,-18.001
3,100
1,130.919
2,-18.001
3,100
1,131.519
2,-18.001
3,100
1,132.119
2,-18.001
3,100
1,132.719
2,-18.001
3,100
1,133.319
2,-18.001
3,100
1,133.919
2,-18.001
3,100
1,134.519
2,-18.001
3,81.28757607
1,135.119
2,-18.001
3,77.8200299
1,135.719
2,-18.001
3,60.88871751
1,136.319
2,-18.001
3,44.34683455
1,136.919
2,-18.001
3,26.24957726
1,137.519
2,-18.001
3,35.46769534
1,138.119
2,-18.001
3,64.34066458
1,138.719
2,-18.001
3,42.9668521
1,139.319
2,-18.001
3,29.92414684
1,139.919
2,-18.001
3,21.02989864
1,140.519
2,-18.001
3,38.46036305
1,141.119
2,-18.001
3,62.65315137
1,141.719
2,-18.001
3,57.93462557
1,142.319
2,-18.001
3,29.91377023
1,142.919
2,-18.001
3,26.33812188
1,143.519
2,-18.001
3,34.76550135
1,144.119
2,-18.001
3,5.426322842
1,144.719
2,-18.001
3,0
1,145.319
2,-18.001
3,0
1,145.919
2,-18.001
3,10.79804501
1,121.919
2,-18.601
3,100
1,122.519
2,-18.601
3,100
1,123.119
2,-18.601
3,100
1,123.719
2,-18.601
3,100
1,124.319
2,-18.601
3,100
1,125.519
2,-18.601
3,100
1,126.119
2,-18.601
3,100
1,126.719
2,-18.601
3,100
1,127.319
2,-18.601
3,100
1,127.919
2,-18.601
3,100
1,128.519
2,-18.601
3,100
1,129.119
2,-18.601
3,100
1,129.719
2,-18.601
3,100
1,130.319
2,-18.601
3,100
1,130.919
2,-18.601
3,100
1,131.519
2,-18.601
3,100
1,132.119
2,-18.601
3,100
1,132.719
2,-18.601
3,100
1,133.319
2,-18.601
3,100
1,133.919
2,-18.601
3,87.16472188
1,134.519
2,-18.601
3,95.93801033
1,135.119
2,-18.601
3,84.58912319
1,135.719
2,-18.601
3,72.02035187
1,136.319
2,-18.601
3,43.45350298
1,136.919
2,-18.601
3,37.27688895
1,137.519
2,-18.601
3,66.66903421
1,138.119
2,-18.601
3,100
1,138.719
2,-18.601
3,100
1,139.319
2,-18.601
3,100
1,139.919
2,-18.601
3,45.07685162
1,140.519
2,-18.601
3,32.24549725
1,141.119
2,-18.601
3,52.87715296
1,141.719
2,-18.601
3,56.61665288
1,142.319
2,-18.601
3,42.27253062
1,142.919
2,-18.601
3,37.49810439
1,143.519
2,-18.601
3,34.64239408
1,144.119
2,-18.601
3,18.81043644
1,144.719
2,-18.601
3,4.859783267
1,145.319
2,-18.601
3,2.201752837
1,145.919
2,-18.601
3,84.59225686
1,123.119
2,-19.201
3,100
1,126.119
2,-19.201
3,100
1,126.719
2,-19.201
3,100
1,127.319
2,-19.201
3,100
1,127.919
2,-19.201
3,100
1,128.519
2,-19.201
3,100
1,129.119
2,-19.201
3,100
1,129.719
2,-19.201
3,100
1,130.319
2,-19.201
3,100
1,130.919
2,-19.201
3,100
1,131.519
2,-19.201
3,100
1,132.119
2,-19.201
3,100
1,132.719
2,-19.201
3,100
1,133.319
2,-19.201
3,100
1,133.919
2,-19.201
3,100
1,134.519
2,-19.201
3,100
1,135.119
2,-19.201
3,100
1,135.719
2,-19.201
3,94.29723459
1,136.319
2,-19.201
3,100
1,136.919
2,-19.201
3,100
1,137.519
2,-19.201
3,97.70996598
1,138.119
2,-19.201
3,100
1,138.719
2,-19.201
3,66.99329514
1,139.319
2,-19.201
3,100
1,139.919
2,-19.201
3,92.48091764
1,140.519
2,-19.201
3,79.94200498
1,141.119
2,-19.201
3,64.09736348
1,141.719
2,-19.201
3,60.99420338
1,142.319
2,-19.201
3,52.5808665
1,142.919
2,-19.201
3,42.22201896
1,143.519
2,-19.201
3,17.3951446
1,144.119
2,-19.201
3,3.728211813
1,144.719
2,-19.201
3,25.08833827
1,145.319
2,-19.201
3,26.94129688
1,145.919
2,-19.201
3,39.32696998
1,146.519
2,-19.201
3,100
1,126.119
2,-19.801
3,100
1,126.719
2,-19.801
3,100
1,127.319
2,-19.801
3,100
1,127.919
2,-19.801
3,100
1,128.519
2,-19.801
3,100
1,129.119
2,-19.801
3,100
1,129.719
2,-19.801
3,100
1,130.319
2,-19.801
3,100
1,130.919
2,-19.801
3,100
1,131.519
2,-19.801
3,100
1,132.119
2,-19.801
3,100
1,132.719
2,-19.801
3,88.9350363
1,133.319
2,-19.801
3,100
1,133.919
2,-19.801
3,100
1,134.519
2,-19.801
3,100
1,135.119
2,-19.801
3,100
1,135.719
2,-19.801
3,100
1,136.319
2,-19.801
3,100
1,136.919
2,-19.801
3,100
1,137.519
2,-19.801
3,100
1,138.119
2,-19.801
3,100
1,138.719
2,-19.801
3,79.11067991
1,139.319
2,-19.801
3,38.24505644
1,139.919
2,-19.801
3,98.54555793
1,140.519
2,-19.801
3,100
1,141.119
2,-19.801
3,100
1,141.719
2,-19.801
3,100
1,142.319
2,-19.801
3,84.38406063
1,142.919
2,-19.801
3,56.76948874
1,143.519
2,-19.801
3,9.396263097
1,144.119
2,-19.801
3,5.850505141
1,144.719
2,-19.801
3,18.91345214
1,145.319
2,-19.801
3,20.11095791
1,145.919
2,-19.801
3,64.70868303
1,146.519
2,-19.801
3,40.58763291
1,147.119
2,-19.801
3,55.75845074
1,126.719
2,-20.401
3,100
1,127.319
2,-20.401
3,100
1,127.919
2,-20.401
3,100
1,128.519
2,-20.401
3,100
1,129.119
2,-20.401
3,100
1,129.719
2,-20.401
3,100
1,130.319
2,-20.401
3,100
1,130.919
2,-20.401
3,100
1,131.519
2,-20.401
3,100
1,132.119
2,-20.401
3,100
1,132.719
2,-20.401
3,100
1,133.319
2,-20.401
3,100
1,133.919
2,-20.401
3,100
1,134.519
2,-20.401
3,75.27447249
1,135.119
2,-20.401
3,100
1,135.719
2,-20.401
3,100
1,136.319
2,-20.401
3,100
1,136.919
2,-20.401
3,100
1,137.519
2,-20.401
3,100
1,138.119
2,-20.401
3,100
1,138.719
2,-20.401
3,100
1,139.319
2,-20.401
3,100
1,139.919
2,-20.401
3,100
1,140.519
2,-20.401
3,100
1,141.119
2,-20.401
3,100
1,141.719
2,-20.401
3,100
1,142.319
2,-20.401
3,100
1,142.919
2,-20.401
3,92.45942934
1,143.519
2,-20.401
3,90.21244919
1,144.119
2,-20.401
3,21.15207883
1,144.719
2,-20.401
3,67.84575498
1,145.319
2,-20.401
3,44.53355727
1,145.919
2,-20.401
3,100
1,146.519
2,-20.401
3,99.32115856
1,147.119
2,-20.401
3,36.54043592
1,147.719
2,-20.401
3,100
1,148.319
2,-20.401
3,91.71201133
1,125.519
2,-21.001
3,100
1,126.119
2,-21.001
3,100
1,126.719
2,-21.001
3,100
1,127.319
2,-21.001
3,100
1,127.919
2,-21.001
3,100
1,128.519
2,-21.001
3,100
1,129.119
2,-21.001
3,100
1,129.719
2,-21.001
3,100
1,130.319
2,-21.001
3,100
1,130.919
2,-21.001
3,100
1,131.519
2,-21.001
3,100
1,132.119
2,-21.001
3,100
1,132.719
2,-21.001
3,100
1,133.319
2,-21.001
3,100
1,133.919
2,-21.001
3,100
1,134.519
2,-21.001
3,100
1,135.119
2,-21.001
3,100
1,135.719
2,-21.001
3,100
1,136.319
2,-21.001
3,100
1,136.919
2,-21.001
3,100
1,137.519
2,-21.001
3,100
1,138.119
2,-21.001
3,100
1,138.719
2,-21.001
3,100
1,139.319
2,-21.001
3,100
1,139.919
2,-21.001
3,81.65583582
1,140.519
2,-21.001
3,100
1,141.119
2,-21.001
3,100
1,141.719
2,-21.001
3,100
1,142.319
2,-21.001
3,100
1,142.919
2,-21.001
3,100
1,143.519
2,-21.001
3,100
1,144.119
2,-21.001
3,100
1,144.719
2,-21.001
3,78.34732053
1,145.319
2,-21.001
3,42.22294706
1,145.919
2,-21.001
3,100
1,146.519
2,-21.001
3,75.5091514
1,147.119
2,-21.001
3,74.60063586
1,147.719
2,-21.001
3,53.85509371
1,148.319
2,-21.001
3,0
1,148.919
2,-21.001
3,18.80046882
1,125.519
2,-21.601
3,100
1,126.119
2,-21.601
3,100
1,126.719
2,-21.601
3,100
1,127.319
2,-21.601
3,100
1,127.919
2,-21.601
3,100
1,128.519
2,-21.601
3,100
1,129.119
2,-21.601
3,100
1,129.719
2,-21.601
3,100
1,130.319
2,-21.601
3,100
1,130.919
2,-21.601
3,100
1,131.519
2,-21.601
3,100
1,132.119
2,-21.601
3,100
1,132.719
2,-21.601
3,100
1,133.319
2,-21.601
3,100
1,133.919
2,-21.601
3,100
1,134.519
2,-21.601
3,93.34420147
1,135.119
2,-21.601
3,100
1,135.719
2,-21.601
3,100
1,136.319
2,-21.601
3,100
1,136.919
2,-21.601
3,100
1,137.519
2,-21.601
3,100
1,138.119
2,-21.601
3,100
1,138.719
2,-21.601
3,100
1,139.319
2,-21.601
3,100
1,139.919
2,-21.601
3,100
1,140.519
2,-21.601
3,100
1,141.119
2,-21.601
3,100
1,141.719
2,-21.601
3,100
1,142.319
2,-21.601
3,100
1,142.919
2,-21.601
3,100
1,143.519
2,-21.601
3,100
1,144.119
2,-21.601
3,100
1,144.719
2,-21.601
3,100
1,145.319
2,-21.601
3,100
1,146.519
2,-21.601
3,85.86849117
1,147.119
2,-21.601
3,50.94175623
1,147.719
2,-21.601
3,8.991585672
1,148.319
2,-21.601
3,2.576945542
1,148.919
2,-21.601
3,10.17794632
1,117.119
2,-22.201
3,100
1,124.319
2,-22.201
3,100
1,124.919
2,-22.201
3,100
1,125.519
2,-22.201
3,100
1,126.119
2,-22.201
3,100
1,126.719
2,-22.201
3,100
1,127.319
2,-22.201
3,100
1,127.919
2,-22.201
3,100
1,128.519
2,-22.201
3,100
1,129.119
2,-22.201
3,100
1,129.719
2,-22.201
3,100
1,130.319
2,-22.201
3,100
1,130.919
2,-22.201
3,100
1,131.519
2,-22.201
3,100
1,132.119
2,-22.201
3,75.76159297
1,132.719
2,-22.201
3,71.38943503
1,133.319
2,-22.201
3,93.47668185
1,133.919
2,-22.201
3,100
1,134.519
2,-22.201
3,100
1,135.119
2,-22.201
3,100
1,135.719
2,-22.201
3,100
1,136.319
2,-22.201
3,100
1,136.919
2,-22.201
3,100
1,137.519
2,-22.201
3,100
1,138.119
2,-22.201
3,100
1,138.719
2,-22.201
3,100
1,139.319
2,-22.201
3,100
1,139.919
2,-22.201
3,100
1,140.519
2,-22.201
3,100
1,141.119
2,-22.201
3,100
1,141.719
2,-22.201
3,100
1,142.319
2,-22.201
3,100
1,142.919
2,-22.201
3,100
1,143.519
2,-22.201
3,100
1,144.119
2,-22.201
3,100
1,144.719
2,-22.201
3,100
1,145.319
2,-22.201
3,100
1,145.919
2,-22.201
3,100
1,146.519
2,-22.201
3,100
1,147.119
2,-22.201
3,42.25180514
1,147.719
2,-22.201
3,16.38872394
1,148.319
2,-22.201
3,8.16211112
1,148.919
2,-22.201
3,10.102473
1,149.519
2,-22.201
3,5.581909294
1,124.319
2,-22.801
3,100
1,124.919
2,-22.801
3,100
1,125.519
2,-22.801
3,100
1,126.119
2,-22.801
3,100
1,126.719
2,-22.801
3,100
1,127.319
2,-22.801
3,100
1,127.919
2,-22.801
3,100
1,128.519
2,-22.801
3,100
1,129.119
2,-22.801
3,100
1,129.719
2,-22.801
3,100
1,130.319
2,-22.801
3,100
1,130.919
2,-22.801
3,100
1,131.519
2,-22.801
3,100
1,132.119
2,-22.801
3,100
1,132.719
2,-22.801
3,100
1,133.319
2,-22.801
3,70.51094972
1,133.919
2,-22.801
3,80.86671206
1,134.519
2,-22.801
3,91.71055237
1,135.119
2,-22.801
3,100
1,135.719
2,-22.801
3,100
1,136.319
2,-22.801
3,100
1,136.919
2,-22.801
3,100
1,137.519
2,-22.801
3,100
1,138.119
2,-22.801
3,100
1,138.719
2,-22.801
3,100
1,139.319
2,-22.801
3,100
1,139.919
2,-22.801
3,100
1,140.519
2,-22.801
3,100
1,141.119
2,-22.801
3,100
1,141.719
2,-22.801
3,100
1,142.319
2,-22.801
3,100
1,142.919
2,-22.801
3,100
1,143.519
2,-22.801
3,100
1,144.119
2,-22.801
3,100
1,144.719
2,-22.801
3,100
1,145.319
2,-22.801
3,100
1,145.919
2,-22.801
3,100
1,146.519
2,-22.801
3,100
1,147.119
2,-22.801
3,70.50173777
1,147.719
2,-22.801
3,45.50724195
1,148.319
2,-22.801
3,53.83633419
1,148.919
2,-22.801
3,14.83536265
1,149.519
2,-22.801
3,16.52342604
1,150.119
2,-22.801
3,5.561705837
1,150.719
2,-22.801
3,0
1,126.119
2,-23.401
3,100
1,126.719
2,-23.401
3,100
1,127.319
2,-23.401
3,100
1,127.919
2,-23.401
3,100
1,128.519
2,-23.401
3,100
1,129.119
2,-23.401
3,100
1,129.719
2,-23.401
3,100
1,130.319
2,-23.401
3,100
1,130.919
2,-23.401
3,100
1,131.519
2,-23.401
3,70.48609292
1,132.119
2,-23.401
3,100
1,132.719
2,-23.401
3,98.49900078
1,133.319
2,-23.401
3,100
1,133.919
2,-23.401
3,52.07397244
1,134.519
2,-23.401
3,100
1,135.119
2,-23.401
3,100
1,135.719
2,-23.401
3,100
1,136.319
2,-23.401
3,100
1,136.919
2,-23.401
3,100
1,137.519
2,-23.401
3,100
1,138.119
2,-23.401
3,100
1,138.719
2,-23.401
3,100
1,139.319
2,-23.401
3,100
1,139.919
2,-23.401
3,100
1,140.519
2,-23.401
3,100
1,141.119
2,-23.401
3,100
1,141.719
2,-23.401
3,100
1,142.319
2,-23.401
3,100
1,142.919
2,-23.401
3,100
1,143.519
2,-23.401
3,100
1,144.119
2,-23.401
3,100
1,144.719
2,-23.401
3,100
1,145.319
2,-23.401
3,100
1,145.919
2,-23.401
3,100
1,146.519
2,-23.401
3,100
1,147.119
2,-23.401
3,100
1,147.719
2,-23.401
3,100
1,148.319
2,-23.401
3,100
1,148.919
2,-23.401
3,30.57178379
1,149.519
2,-23.401
3,27.12184753
1,150.119
2,-23.401
3,70.7202545
1,150.719
2,-23.401
3,0
1,113.519
2,-24.001
3,51.69297519
1,114.119
2,-24.001
3,100
1,126.119
2,-24.001
3,100
1,126.719
2,-24.001
3,100
1,127.319
2,-24.001
3,100
1,127.919
2,-24.001
3,100
1,128.519
2,-24.001
3,100
1,129.119
2,-24.001
3,100
1,129.719
2,-24.001
3,100
1,130.319
2,-24.001
3,100
1,130.919
2,-24.001
3,100
1,131.519
2,-24.001
3,100
1,132.119
2,-24.001
3,100
1,132.719
2,-24.001
3,55.89211911
1,133.319
2,-24.001
3,67.5684841
1,133.919
2,-24.001
3,100
1,134.519
2,-24.001
3,100
1,135.119
2,-24.001
3,100
1,135.719
2,-24.001
3,100
1,136.319
2,-24.001
3,100
1,136.919
2,-24.001
3,100
1,137.519
2,-24.001
3,100
1,138.119
2,-24.001
3,100
1,138.719
2,-24.001
3,100
1,139.319
2,-24.001
3,100
1,139.919
2,-24.001
3,100
1,140.519
2,-24.001
3,100
1,141.119
2,-24.001
3,100
1,141.719
2,-24.001
3,100
1,142.319
2,-24.001
3,100
1,142.919
2,-24.001
3,100
1,143.519
2,-24.001
3,100
1,144.119
2,-24.001
3,100
1,144.719
2,-24.001
3,100
1,145.319
2,-24.001
3,100
1,145.919
2,-24.001
3,100
1,146.519
2,-24.001
3,100
1,147.119
2,-24.001
3,100
1,147.719
2,-24.001
3,100
1,148.319
2,-24.001
3,100
1,148.919
2,-24.001
3,53.82806674
1,149.519
2,-24.001
3,41.18753644
1,150.119
2,-24.001
3,11.80402891
1,150.719
2,-24.001
3,14.45906394
1,151.319
2,-24.001
3,0
1,114.119
2,-24.601
3,40.87661015
1,124.319
2,-24.601
3,100
1,126.719
2,-24.601
3,100
1,127.319
2,-24.601
3,100
1,127.919
2,-24.601
3,100
1,128.519
2,-24.601
3,100
1,129.119
2,-24.601
3,100
1,129.719
2,-24.601
3,100
1,130.319
2,-24.601
3,100
1,130.919
2,-24.601
3,100
1,131.519
2,-24.601
3,100
1,132.119
2,-24.601
3,100
1,132.719
2,-24.601
3,100
1,133.319
2,-24.601
3,100
1,133.919
2,-24.601
3,100
1,134.519
2,-24.601
3,100
1,135.119
2,-24.601
3,100
1,135.719
2,-24.601
3,100
1,136.319
2,-24.601
3,100
1,136.919
2,-24.601
3,100
1,137.519
2,-24.601
3,100
1,138.119
2,-24.601
3,100
1,140.519
2,-24.601
3,100
1,141.119
2,-24.601
3,100
1,141.719
2,-24.601
3,100
1,142.319
2,-24.601
3,100
1,142.919
2,-24.601
3,100
1,143.519
2,-24.601
3,100
1,144.119
2,-24.601
3,100
1,144.719
2,-24.601
3,100
1,145.319
2,-24.601
3,100
1,145.919
2,-24.601
3,100
1,146.519
2,-24.601
3,100
1,147.119
2,-24.601
3,100
1,147.719
2,-24.601
3,100
1,148.319
2,-24.601
3,100
1,148.919
2,-24.601
3,100
1,149.519
2,-24.601
3,100
1,150.119
2,-24.601
3,48.10510663
1,150.719
2,-24.601
3,21.03162897
1,151.319
2,-24.601
3,21.90156403
1,151.919
2,-24.601
3,0
1,114.119
2,-25.201
3,100
1,120.119
2,-25.201
3,100
1,126.719
2,-25.201
3,100
1,127.319
2,-25.201
3,100
1,127.919
2,-25.201
3,100
1,128.519
2,-25.201
3,100
1,129.119
2,-25.201
3,100
1,129.719
2,-25.201
3,100
1,130.319
2,-25.201
3,100
1,130.919
2,-25.201
3,100
1,131.519
2,-25.201
3,100
1,132.119
2,-25.201
3,100
1,132.719
2,-25.201
3,100
1,133.319
2,-25.201
3,100
1,133.919
2,-25.201
3,100
1,134.519
2,-25.201
3,100
1,135.119
2,-25.201
3,100
1,135.719
2,-25.201
3,100
1,136.319
2,-25.201
3,100
1,136.919
2,-25.201
3,100
1,141.719
2,-25.201
3,100
1,142.319
2,-25.201
3,100
1,142.919
2,-25.201
3,100
1,143.519
2,-25.201
3,100
1,144.119
2,-25.201
3,100
1,144.719
2,-25.201
3,100
1,145.319
2,-25.201
3,100
1,145.919
2,-25.201
3,100
1,146.519
2,-25.201
3,100
1,147.119
2,-25.201
3,100
1,147.719
2,-25.201
3,100
1,148.319
2,-25.201
3,100
1,148.919
2,-25.201
3,100
1,149.519
2,-25.201
3,100
1,150.119
2,-25.201
3,100
1,150.719
2,-25.201
3,26.56998146
1,151.319
2,-25.201
3,22.82194168
1,151.919
2,-25.201
3,23.24011737
1,152.519
2,-25.201
3,5.449258785
1,113.519
2,-25.801
3,100
1,126.719
2,-25.801
3,100
1,127.319
2,-25.801
3,100
1,127.919
2,-25.801
3,100
1,128.519
2,-25.801
3,100
1,129.119
2,-25.801
3,100
1,129.719
2,-25.801
3,100
1,130.319
2,-25.801
3,100
1,130.919
2,-25.801
3,100
1,131.519
2,-25.801
3,100
1,132.119
2,-25.801
3,100
1,132.719
2,-25.801
3,100
1,133.319
2,-25.801
3,100
1,133.919
2,-25.801
3,100
1,134.519
2,-25.801
3,100
1,135.119
2,-25.801
3,100
1,141.119
2,-25.801
3,100
1,141.719
2,-25.801
3,100
1,142.319
2,-25.801
3,100
1,142.919
2,-25.801
3,100
1,143.519
2,-25.801
3,100
1,144.119
2,-25.801
3,100
1,144.719
2,-25.801
3,100
1,145.319
2,-25.801
3,100
1,145.919
2,-25.801
3,100
1,146.519
2,-25.801
3,100
1,147.119
2,-25.801
3,100
1,147.719
2,-25.801
3,100
1,148.319
2,-25.801
3,100
1,148.919
2,-25.801
3,100
1,149.519
2,-25.801
3,100
1,150.119
2,-25.801
3,81.27817133
1,150.719
2,-25.801
3,16.44017215
1,151.319
2,-25.801
3,18.42537302
1,151.919
2,-25.801
3,3.62681872
1,152.519
2,-25.801
3,12.17079437
1,125.519
2,-26.401
3,100
1,127.319
2,-26.401
3,100
1,127.919
2,-26.401
3,100
1,128.519
2,-26.401
3,100
1,129.119
2,-26.401
3,100
1,129.719
2,-26.401
3,100
1,130.319
2,-26.401
3,100
1,130.919
2,-26.401
3,100
1,131.519
2,-26.401
3,100
1,132.119
2,-26.401
3,93.96739485
1,132.719
2,-26.401
3,100
1,133.319
2,-26.401
3,100
1,133.919
2,-26.401
3,100
1,141.119
2,-26.401
3,100
1,141.719
2,-26.401
3,100
1,142.319
2,-26.401
3,100
1,142.919
2,-26.401
3,100
1,143.519
2,-26.401
3,100
1,144.119
2,-26.401
3,100
1,144.719
2,-26.401
3,100
1,145.319
2,-26.401
3,100
1,145.919
2,-26.401
3,100
1,146.519
2,-26.401
3,100
1,147.119
2,-26.401
3,100
1,147.719
2,-26.401
3,100
1,148.319
2,-26.401
3,100
1,148.919
2,-26.401
3,100
1,149.519
2,-26.401
3,100
1,150.119
2,-26.401
3,100
1,150.719
2,-26.401
3,100
1,151.319
2,-26.401
3,18.88402978
1,151.919
2,-26.401
3,0
1,152.519
2,-26.401
3,0
1,124.919
2,-27.001
3,100
1,125.519
2,-27.001
3,100
1,126.119
2,-27.001
3,100
1,126.719
2,-27.001
3,100
1,127.319
2,-27.001
3,100
1,127.919
2,-27.001
3,100
1,128.519
2,-27.001
3,100
1,129.119
2,-27.001
3,100
1,129.719
2,-27.001
3,100
1,130.319
2,-27.001
3,100
1,130.919
2,-27.001
3,100
1,131.519
2,-27.001
3,100
1,132.119
2,-27.001
3,100
1,132.719
2,-27.001
3,100
1,133.319
2,-27.001
3,100
1,141.719
2,-27.001
3,100
1,142.319
2,-27.001
3,100
1,142.919
2,-27.001
3,100
1,143.519
2,-27.001
3,100
1,144.119
2,-27.001
3,100
1,144.719
2,-27.001
3,100
1,145.319
2,-27.001
3,100
1,145.919
2,-27.001
3,100
1,146.519
2,-27.001
3,100
1,147.119
2,-27.001
3,100
1,147.719
2,-27.001
3,100
1,148.319
2,-27.001
3,100
1,148.919
2,-27.001
3,100
1,149.519
2,-27.001
3,100
1,150.119
2,-27.001
3,100
1,150.719
2,-27.001
3,100
1,151.319
2,-27.001
3,68.12582782
1,151.919
2,-27.001
3,29.92196667
1,152.519
2,-27.001
3,0
1,121.919
2,-27.601
3,100
1,123.119
2,-27.601
3,100
1,123.719
2,-27.601
3,100
1,128.519
2,-27.601
3,100
1,129.119
2,-27.601
3,100
1,129.719
2,-27.601
3,100
1,130.319
2,-27.601
3,100
1,130.919
2,-27.601
3,100
1,131.519
2,-27.601
3,100
1,132.119
2,-27.601
3,100
1,132.719
2,-27.601
3,100
1,133.319
2,-27.601
3,100
1,142.319
2,-27.601
3,100
1,142.919
2,-27.601
3,100
1,143.519
2,-27.601
3,100
1,144.119
2,-27.601
3,100
1,144.719
2,-27.601
3,100
1,145.319
2,-27.601
3,100
1,145.919
2,-27.601
3,100
1,146.519
2,-27.601
3,100
1,147.119
2,-27.601
3,100
1,147.719
2,-27.601
3,100
1,148.319
2,-27.601
3,100
1,148.919
2,-27.601
3,100
1,149.519
2,-27.601
3,100
1,150.119
2,-27.601
3,100
1,150.719
2,-27.601
3,100
1,151.319
2,-27.601
3,100
1,151.919
2,-27.601
3,15.0999558
1,152.519
2,-27.601
3,100
1,153.119
2,-27.601
3,5.93717898
1,123.719
2,-28.201
3,100
1,130.919
2,-28.201
3,100
1,131.519
2,-28.201
3,100
1,132.119
2,-28.201
3,100
1,132.719
2,-28.201
3,100
1,142.919
2,-28.201
3,100
1,143.519
2,-28.201
3,100
1,144.119
2,-28.201
3,100
1,144.719
2,-28.201
3,100
1,145.319
2,-28.201
3,100
1,145.919
2,-28.201
3,100
1,146.519
2,-28.201
3,100
1,147.119
2,-28.201
3,100
1,147.719
2,-28.201
3,100
1,148.319
2,-28.201
3,100
1,148.919
2,-28.201
3,100
1,149.519
2,-28.201
3,100
1,150.119
2,-28.201
3,100
1,150.719
2,-28.201
3,100
1,151.319
2,-28.201
3,100
1,151.919
2,-28.201
3,32.04809848
1,152.519
2,-28.201
3,100
1,153.119
2,-28.201
3,0
1,114.719
2,-28.801
3,100
1,123.119
2,-28.801
3,100
1,123.719
2,-28.801
3,100
1,141.719
2,-28.801
3,100
1,142.319
2,-28.801
3,100
1,142.919
2,-28.801
3,100
1,143.519
2,-28.801
3,100
1,144.119
2,-28.801
3,100
1,144.719
2,-28.801
3,100
1,145.319
2,-28.801
3,100
1,145.919
2,-28.801
3,100
1,146.519
2,-28.801
3,100
1,147.119
2,-28.801
3,100
1,147.719
2,-28.801
3,100
1,148.319
2,-28.801
3,100
1,148.919
2,-28.801
3,100
1,149.519
2,-28.801
3,100
1,150.119
2,-28.801
3,100
1,150.719
2,-28.801
3,95.54195327
1,151.319
2,-28.801
3,65.58862391
1,151.919
2,-28.801
3,0
1,152.519
2,-28.801
3,17.38394719
1,153.119
2,-28.801
3,47.92056785
1,121.319
2,-29.401
3,100
1,122.519
2,-29.401
3,100
1,123.119
2,-29.401
3,100
1,123.719
2,-29.401
3,100
1,124.319
2,-29.401
3,100
1,141.719
2,-29.401
3,100
1,142.319
2,-29.401
3,100
1,144.119
2,-29.401
3,100
1,144.719
2,-29.401
3,100
1,145.319
2,-29.401
3,100
1,145.919
2,-29.401
3,100
1,146.519
2,-29.401
3,100
1,147.119
2,-29.401
3,100
1,147.719
2,-29.401
3,100
1,148.319
2,-29.401
3,100
1,148.919
2,-29.401
3,100
1,149.519
2,-29.401
3,100
1,150.119
2,-29.401
3,77.7814252
1,150.719
2,-29.401
3,23.27597594
1,151.319
2,-29.401
3,7.640920159
1,151.919
2,-29.401
3,0
1,152.519
2,-29.401
3,100
1,153.119
2,-29.401
3,51.18354559
1,115.319
2,-30.001
3,100
1,121.919
2,-30.001
3,100
1,122.519
2,-30.001
3,100
1,123.119
2,-30.001
3,100
1,123.719
2,-30.001
3,100
1,124.319
2,-30.001
3,100
1,124.919
2,-30.001
3,100
1,125.519
2,-30.001
3,100
1,126.119
2,-30.001
3,100
1,138.119
2,-30.001
3,100
1,141.719
2,-30.001
3,100
1,142.919
2,-30.001
3,100
1,143.519
2,-30.001
3,100
1,144.719
2,-30.001
3,100
1,145.319
2,-30.001
3,100
1,145.919
2,-30.001
3,100
1,146.519
2,-30.001
3,100
1,147.119
2,-30.001
3,100
1,147.719
2,-30.001
3,100
1,148.319
2,-30.001
3,100
1,148.919
2,-30.001
3,100
1,149.519
2,-30.001
3,100
1,150.119
2,-30.001
3,97.84854824
1,150.719
2,-30.001
3,100
1,151.319
2,-30.001
3,0
1,151.919
2,-30.001
3,0
1,152.519
2,-30.001
3,0
1,153.119
2,-30.001
3,0
1,115.319
2,-30.601
3,100
1,115.919
2,-30.601
3,100
1,121.319
2,-30.601
3,100
1,121.919
2,-30.601
3,100
1,122.519
2,-30.601
3,100
1,123.119
2,-30.601
3,100
1,123.719
2,-30.601
3,100
1,124.319
2,-30.601
3,100
1,124.919
2,-30.601
3,100
1,125.519
2,-30.601
3,100
1,126.119
2,-30.601
3,100
1,126.719
2,-30.601
3,100
1,127.319
2,-30.601
3,100
1,138.719
2,-30.601
3,100
1,139.319
2,-30.601
3,100
1,140.519
2,-30.601
3,100
1,141.119
2,-30.601
3,100
1,141.719
2,-30.601
3,100
1,142.319
2,-30.601
3,100
1,142.919
2,-30.601
3,100
1,143.519
2,-30.601
3,100
1,144.119
2,-30.601
3,100
1,144.719
2,-30.601
3,100
1,145.319
2,-30.601
3,100
1,145.919
2,-30.601
3,100
1,146.519
2,-30.601
3,100
1,147.119
2,-30.601
3,100
1,147.719
2,-30.601
3,100
1,148.319
2,-30.601
3,100
1,148.919
2,-30.601
3,69.261242
1,149.519
2,-30.601
3,47.03546873
1,150.119
2,-30.601
3,33.45417856
1,150.719
2,-30.601
3,13.17270625
1,151.319
2,-30.601
3,0
1,151.919
2,-30.601
3,13.06043945
1,152.519
2,-30.601
3,0
1,115.919
2,-31.201
3,100
1,121.919
2,-31.201
3,100
1,122.519
2,-31.201
3,100
1,123.119
2,-31.201
3,100
1,123.719
2,-31.201
3,100
1,124.319
2,-31.201
3,100
1,124.919
2,-31.201
3,43.44546997
1,125.519
2,-31.201
3,25.09350282
1,126.119
2,-31.201
3,17.81333099
1,126.719
2,-31.201
3,33.09434546
1,127.319
2,-31.201
3,100
1,127.919
2,-31.201
3,100
1,138.719
2,-31.201
3,100
1,140.519
2,-31.201
3,100
1,141.119
2,-31.201
3,100
1,141.719
2,-31.201
3,100
1,142.319
2,-31.201
3,100
1,142.919
2,-31.201
3,100
1,143.519
2,-31.201
3,100
1,144.119
2,-31.201
3,100
1,144.719
2,-31.201
3,100
1,145.319
2,-31.201
3,100
1,145.919
2,-31.201
3,100
1,146.519
2,-31.201
3,100
1,147.119
2,-31.201
3,100
1,147.719
2,-31.201
3,100
1,148.319
2,-31.201
3,85.60431164
1,148.919
2,-31.201
3,15.66027607
1,149.519
2,-31.201
3,16.51349287
1,150.119
2,-31.201
3,30.75158255
1,150.719
2,-31.201
3,17.99640834
1,151.319
2,-31.201
3,28.81630257
1,151.919
2,-31.201
3,0
1,152.519
2,-31.201
3,0
1,121.919
2,-31.801
3,100
1,122.519
2,-31.801
3,100
1,123.119
2,-31.801
3,100
1,123.719
2,-31.801
3,100
1,124.319
2,-31.801
3,99.3927496
1,124.919
2,-31.801
3,17.6714813
1,125.519
2,-31.801
3,1.213247508
1,126.119
2,-31.801
3,0
1,126.719
2,-31.801
3,0
1,127.319
2,-31.801
3,38.80036272
1,127.919
2,-31.801
3,59.27324901
1,128.519
2,-31.801
3,100
1,132.119
2,-31.801
3,100
1,135.719
2,-31.801
3,100
1,138.719
2,-31.801
3,100
1,140.519
2,-31.801
3,100
1,141.119
2,-31.801
3,100
1,141.719
2,-31.801
3,100
1,142.919
2,-31.801
3,100
1,143.519
2,-31.801
3,100
1,144.119
2,-31.801
3,100
1,144.719
2,-31.801
3,100
1,145.319
2,-31.801
3,100
1,145.919
2,-31.801
3,100
1,146.519
2,-31.801
3,100
1,147.119
2,-31.801
3,100
1,147.719
2,-31.801
3,100
1,148.319
2,-31.801
3,84.68505197
1,148.919
2,-31.801
3,19.26942842
1,149.519
2,-31.801
3,35.24170611
1,150.119
2,-31.801
3,0
1,150.719
2,-31.801
3,1.525234229
1,151.319
2,-31.801
3,4.483261352
1,151.919
2,-31.801
3,11.2191746
1,152.519
2,-31.801
3,0
1,115.919
2,-32.401
3,100
1,121.919
2,-32.401
3,100
1,122.519
2,-32.401
3,100
1,123.119
2,-32.401
3,100
1,123.719
2,-32.401
3,100
1,124.319
2,-32.401
3,66.96559932
1,124.919
2,-32.401
3,8.775816672
1,125.519
2,-32.401
3,0
1,135.719
2,-32.401
3,100
1,136.319
2,-32.401
3,100
1,137.519
2,-32.401
3,100
1,138.719
2,-32.401
3,100
1,139.319
2,-32.401
3,100
1,139.919
2,-32.401
3,100
1,141.119
2,-32.401
3,100
1,141.719
2,-32.401
3,100
1,142.319
2,-32.401
3,100
1,143.519
2,-32.401
3,100
1,144.119
2,-32.401
3,100
1,144.719
2,-32.401
3,100
1,145.319
2,-32.401
3,100
1,145.919
2,-32.401
3,100
1,146.519
2,-32.401
3,100
1,147.119
2,-32.401
3,100
1,147.719
2,-32.401
3,100
1,148.319
2,-32.401
3,86.09001457
1,148.919
2,-32.401
3,35.54096237
1,149.519
2,-32.401
3,59.16502378
1,150.119
2,-32.401
3,100
1,150.719
2,-32.401
3,97.64655391
1,151.319
2,-32.401
3,22.57876756
1,151.919
2,-32.401
3,0
1,115.919
2,-33.001
3,100
1,116.519
2,-33.001
3,100
1,117.119
2,-33.001
3,100
1,118.319
2,-33.001
3,100
1,122.519
2,-33.001
3,100
1,123.119
2,-33.001
3,100
1,123.719
2,-33.001
3,100
1,136.319
2,-33.001
3,100
1,136.919
2,-33.001
3,100
1,138.119
2,-33.001
3,100
1,139.319
2,-33.001
3,100
1,139.919
2,-33.001
3,100
1,140.519
2,-33.001
3,100
1,141.119
2,-33.001
3,100
1,143.519
2,-33.001
3,100
1,144.119
2,-33.001
3,100
1,144.719
2,-33.001
3,100
1,145.319
2,-33.001
3,100
1,145.919
2,-33.001
3,100
1,146.519
2,-33.001
3,100
1,147.119
2,-33.001
3,100
1,147.719
2,-33.001
3,100
1,148.319
2,-33.001
3,100
1,148.919
2,-33.001
3,35.61701351
1,149.519
2,-33.001
3,0
1,150.119
2,-33.001
3,91.66595954
1,150.719
2,-33.001
3,100
1,151.319
2,-33.001
3,74.27683948
1,115.919
2,-33.601
3,100
1,116.519
2,-33.601
3,100
1,117.119
2,-33.601
3,100
1,117.719
2,-33.601
3,100
1,118.319
2,-33.601
3,100
1,123.119
2,-33.601
3,100
1,123.719
2,-33.601
3,100
1,136.319
2,-33.601
3,100
1,136.919
2,-33.601
3,100
1,138.719
2,-33.601
3,100
1,139.319
2,-33.601
3,100
1,140.519
2,-33.601
3,100
1,141.119
2,-33.601
3,100
1,141.719
2,-33.601
3,100
1,143.519
2,-33.601
3,100
1,144.119
2,-33.601
3,100
1,144.719
2,-33.601
3,100
1,145.319
2,-33.601
3,100
1,145.919
2,-33.601
3,100
1,146.519
2,-33.601
3,100
1,147.119
2,-33.601
3,100
1,147.719
2,-33.601
3,100
1,148.319
2,-33.601
3,100
1,148.919
2,-33.601
3,100
1,149.519
2,-33.601
3,19.83411576
1,150.119
2,-33.601
3,0
1,150.719
2,-33.601
3,51.83907081
1,115.319
2,-34.201
3,5.31263087
1,115.919
2,-34.201
3,100
1,116.519
2,-34.201
3,100
1,117.119
2,-34.201
3,100
1,117.719
2,-34.201
3,100
1,118.319
2,-34.201
3,100
1,135.719
2,-34.201
3,100
1,138.719
2,-34.201
3,100
1,139.319
2,-34.201
3,100
1,140.519
2,-34.201
3,100
1,141.119
2,-34.201
3,100
1,141.719
2,-34.201
3,100
1,142.919
2,-34.201
3,100
1,143.519
2,-34.201
3,100
1,144.119
2,-34.201
3,100
1,144.719
2,-34.201
3,100
1,145.319
2,-34.201
3,100
1,145.919
2,-34.201
3,100
1,146.519
2,-34.201
3,100
1,147.119
2,-34.201
3,100
1,147.719
2,-34.201
3,100
1,148.319
2,-34.201
3,82.95689279
1,148.919
2,-34.201
3,50.21873256
1,149.519
2,-34.201
3,4.989385082
1,150.119
2,-34.201
3,0
1,150.719
2,-34.201
3,13.34277231
1,116.519
2,-34.801
3,45.90207615
1,117.119
2,-34.801
3,40.79096998
1,117.719
2,-34.801
3,6.558972334
1,118.319
2,-34.801
3,0
1,135.719
2,-34.801
3,59.16553274
1,138.719
2,-34.801
3,100
1,142.319
2,-34.801
3,100
1,142.919
2,-34.801
3,100
1,143.519
2,-34.801
3,100
1,144.119
2,-34.801
3,100
1,144.719
2,-34.801
3,100
1,145.319
2,-34.801
3,100
1,145.919
2,-34.801
3,100
1,146.519
2,-34.801
3,100
1,147.119
2,-34.801
3,100
1,147.719
2,-34.801
3,100
1,148.319
2,-34.801
3,22.20413347
1,148.919
2,-34.801
3,16.51864696
1,149.519
2,-34.801
3,7.306941833
1,150.119
2,-34.801
3,5.922427477
1,150.719
2,-34.801
3,0
1,138.719
2,-35.401
3,100
1,139.319
2,-35.401
3,100
1,142.319
2,-35.401
3,100
1,143.519
2,-35.401
3,100
1,144.119
2,-35.401
3,100
1,144.719
2,-35.401
3,100
1,145.319
2,-35.401
3,100
1,145.919
2,-35.401
3,100
1,146.519
2,-35.401
3,100
1,147.119
2,-35.401
3,100
1,147.719
2,-35.401
3,2.331742288
1,148.319
2,-35.401
3,7.308942618
1,148.919
2,-35.401
3,0
1,149.519
2,-35.401
3,0
1,150.119
2,-35.401
3,0.700183765
1,139.919
2,-36.001
3,100
1,141.119
2,-36.001
3,100
1,142.319
2,-36.001
3,100
1,142.919
2,-36.001
3,100
1,143.519
2,-36.001
3,100
1,144.119
2,-36.001
3,100
1,144.719
2,-36.001
3,100
1,145.319
2,-36.001
3,100
1,145.919
2,-36.001
3,100
1,146.519
2,-36.001
3,100
1,147.719
2,-36.001
3,100
1,148.319
2,-36.001
3,40.79108697
1,148.919
2,-36.001
3,0
1,149.519
2,-36.001
3,0
1,150.119
2,-36.001
3,0
1,139.919
2,-36.601
3,100
1,140.519
2,-36.601
3,100
1,141.119
2,-36.601
3,100
1,141.719
2,-36.601
3,100
1,142.319
2,-36.601
3,100
1,142.919
2,-36.601
3,100
1,143.519
2,-36.601
3,100
1,144.119
2,-36.601
3,100
1,144.719
2,-36.601
3,100
1,145.319
2,-36.601
3,100
1,145.919
2,-36.601
3,100
1,146.519
2,-36.601
3,97.73095633
1,147.119
2,-36.601
3,22.81675574
1,147.719
2,-36.601
3,0
1,148.319
2,-36.601
3,0
1,148.919
2,-36.601
3,0
1,149.519
2,-36.601
3,100
1,139.919
2,-37.201
3,96.3020986
1,140.519
2,-37.201
3,100
1,141.119
2,-37.201
3,100
1,141.719
2,-37.201
3,100
1,142.319
2,-37.201
3,100
1,142.919
2,-37.201
3,100
1,143.519
2,-37.201
3,100
1,144.119
2,-37.201
3,100
1,144.719
2,-37.201
3,50.3548473
1,145.319
2,-37.201
3,100
1,145.919
2,-37.201
3,51.6674452
1,146.519
2,-37.201
3,55.52893716
1,147.119
2,-37.201
3,3.229638495
1,147.719
2,-37.201
3,3.848368911
1,148.319
2,-37.201
3,0
1,148.919
2,-37.201
3,3.847678458
1,149.519
2,-37.201
3,0
1,140.519
2,-37.801
3,100
1,141.119
2,-37.801
3,100
1,141.719
2,-37.801
3,100
1,142.319
2,-37.801
3,100
1,142.919
2,-37.801
3,100
1,143.519
2,-37.801
3,100
1,144.119
2,-37.801
3,100
1,144.719
2,-37.801
3,100
1,145.319
2,-37.801
3,100
1,145.919
2,-37.801
3,0
1,146.519
2,-37.801
3,59.56113908
1,147.119
2,-37.801
3,100
1,147.719
2,-37.801
3,100
1,142.919
2,-38.401
3,100
1,143.519
2,-38.401
3,100
1,144.119
2,-38.401
3,26.78638092
1,145.919
2,-38.401
3,4.033056311
1,146.519
2,-38.401
3,100
1,145.319
2,-41.401
3,0
1,145.919
2,-41.401
3,0
1,146.519
2,-41.401
3,0
1,147.719
2,-41.401
3,0
1,145.319
2,-42.001
3,0
1,145.919
2,-42.001
3,0
1,146.519
2,-42.001
3,0
1,147.119
2,-42.001
3,0
1,147.719
2,-42.001
3,0
1,145.919
2,-42.601
3,0
1,146.519
2,-42.601
3,0
1,147.119
2,-42.601
3,0
1,147.719
2,-42.601
3,0
1,145.919
2,-43.201
3,0
1,146.519
2,-43.201
3,48.28347811